{"cameraMode":{"drawMode":0,"name":"Shaded","section":"Shading Mode"},"sceneLighting":true,"audioPlay":false,"sceneViewState":{"m_AlwaysRefresh":false,"showFog":true,"showSkybox":true,"showFlares":true,"showImageEffects":true,"showParticleSystems":true,"showVisualEffectGraphs":true,"m_FxEnabled":true},"in2DMode":false,"pivot":{"x":1.231117844581604,"y":1.1115647554397584,"z":1.2705137729644776},"rotation":{"x":0.017393792048096658,"y":-0.019496357068419458,"z":0.0003393878578208387,"w":0.9996598362922669},"size":3.853095769882202,"orthographic":false}